id,answer
1/0.jpg,An Dức Quỳnh Phụ Thái Bình
1/1.jpg,39/49 C Nguyễn Trị Phường 9 644 Tp Hồ Chí Minh
1/2.jpg,Tổị Thạnh Kĩnh Thị Trấn Lăn Long Giang Bắc Giang
1/3.jpg,29/66 Đảu Thị Xuân Thuỷ Biên Huế Thừa Thiên Huuế
1/4.jpg,Đt Cái Tọ Long Thớn Tiếu Cân Trà Vinh
1/5.jpg,Hà Sồng Hỹ T Thái Nguyên
1/6.jpg,Thưáng Chuết Thanh Hoá Long An
1/7.jpg,Thuơng Ciôn Bóc Thuận Vú Thủ Thái Bình
1/8.jpg,Đ Vĩnh Hà Vinh Hà Trung Thanh Hà
1/9.jpg,Tổ 39 Krường Phúc Vĩnh Phước Nha Trang Khánh Hoài
1/10.jpg,Ấp Ngân Hà Tam Nấi Cầu Kà Trà VinhP
1/11.jpg,4/ Đồng S2 Tân Kiềng Xuận 6 Tp Hồ Chí Minh
1/12.jpg,Phườơng 3 Thị Xũi Ngã Năm Sóc Trăng 
1/13.jpg,Tổ 57 Hoà An Cẩm Lò Đà Nẵng
1/14.jpg,Thôn 4 Sa Khú Ca Khuin Đắk Lắk
1/15.jpg,Thung Lê Thành Phố Huế Thừa Thiên Huế
1/16.jpg,5/7 Huyỳnh Tẩn Phái Tân Phú Xuận 6 Tp Hồ Chí Minh
1/17.jpg,44/5 Hoà Lộc Vĩnh Hoà Thợ Lộc Bến Tre
1/18.jpg,Đâỵ Cồn Thường Tp Hoải Dương Hải Dương
1/19.jpg,37/93 Tp2 Kp 8 Tim Bình Thành Phố Thủ Đứ Hồ Chí Minh
1/20.jpg,Tổ 9 Cp Cà Nạ An Bình Phủ Lảc Bình Dương
1/21.jpg,Qung Cệt Tp Thanh Hoá Thanh Ho
1/22.jpg,Hà Long Thăng Bình Quảng Nam
1/23.jpg,Nn Dàp Thu Xã Ninh Hoà Khánh Hou
1/24.jpg,Thôn Lễ Trường Bình Phú Thắng Bình Quảng Nam
1/25.jpg,6 5 L Phường 32 Tân Bình Tp Hồ Chí Minh
1/26.jpg,Kốu9 Bảu An Tp Khán Rang Tháp Thàn Ninh Thun
14/0.jpg,3/65 K9 hốnh Thắng 91 Thi Đát 1 Tp Hồ Chí Minh
14/1.jpg,Thôn Làng Kuảng Trị hủ Chiâm Há Tuên Qiang
14/2.jpg,6/9/99 Tp5 Tam Hệp Thành Phủ Bên Hà Lồng Nai
14/3.jpg,Thôn Bông Kân Phớc Thuận Tuy Phúc Bình Định
14/4.jpg,X7/1 Tp Thanh Đửi 4 Bình Thạnh Thanh Phú Bến Tre
14/5.jpg,Phu Tưồng Mhơn Trạch Đồng Nai
14/6.jpg,4/66 Cp 5 Nhơn Đức Nhà Đồ Hồ Chí Minh
14/7.jpg,S 5 Tân im Xuyễn Hoà Xuân Cẩm Lộ Đà Nẵng
14/8.jpg,Hương Chít Thạc Thát Hà Nội
14/9.jpg,T56/968 Thum Thủ Hiên Phường 4 Quận 6 Tp Hồ Chí Minh
14/10.jpg,Xu Thănh Quân Lộc Đồng Nai
14/11.jpg,Tổ 1 Khu Phố A Thị Lăn Tân Hiệp Tân Hiệp Kiên Giang
14/12.jpg,3856/6/9 Ấ 3 Tân Tao Bình Tân Tp Hồ Chí Minh
14/13.jpg,Thị Tấn Hỹ Lương Chợ Mải An Drang
14/14.jpg,Tổ 9 Hội Thường Thành Phố Hui Cau Ga Lai
14/15.jpg,Sân Thành Tp Ninh Bình Ninh Bình
14/16.jpg,Xã Đông Xuân Huyệp Đông Hưng T Thái Bình
14/17.jpg,Điên Châu Đâm Thuỷ Thanh Hoá
14/18.jpg,Tóân Thọ Thành Phố Tam Gỳ Quảng Nam
14/19.jpg,Xuân Tiăn Tường Xuân Cim Gỳ Quảng Nam
14/20.jpg,Hoộà Bận Cại Nhú Đại Lộc Quảng Nam
14/21.jpg,Thươnh Ka Lợi Tp Thủ Đức Hồ Chí Minh
14/22.jpg,Phú Tông Châu Thành Sóc Trăng
14/23.jpg,654/33 Lạc Long Cuân Phường 1 Quận 64 Tp Hồ Chí Minh
14/24.jpg,Định Tây Bình Sơn Quảng Ngãi
14/25.jpg,Điến Chiếc Lâm Hữ Tuyên Quang Quảng Bịnh
14/26.jpg,S9 Linh Trung 94 Linh Truy Thành Phố Thu Đức Hồ Chí Minh
16/0.jpg,Thưng Ciông Hông 5 Cấn Gang Dến Thuỷ Tháu Hoá
16/1.jpg,Ấp 5 Mỹ Đông Thuỷ Xuết Đồng Tháp
16/2.jpg,Nưọng Vông Bình Thành Tp Hồ Chí Minh
16/3.jpg,Ấp Phá Pu Ha Phú Thọa Phú Tấn An Giang
16/4.jpg,Tiền Cân Đ Ti Khểi Yên
16/5.jpg,Kuyyên ghĩ Mỹ Đánh Định
16/6.jpg,Ất Hiệu Đắi Lạc Hữo Khê Gáu Đắc Trăng
16/7.jpg,Tổế Hà Sn Mỹ Quỳn Phú Thân Đơn
16/8.jpg,Qc Thành Tp Kam Trấ Bình Tuơn
16/9.jpg,Đĩnh Khánh Trấu Phố Long Quyễn Ain Giang
16/10.jpg,36/8 Tham Viốt Chửu P 9 Bình Thạu Tp Hồ Chí Minh
16/11.jpg,Hoọi Cuông Thàch Phố Quy Khơn Bình Đinh
16/12.jpg,Xóm9 Thân Tuấn Lã Phớc Hiệp Truy Khuác Bào Đình
16/13.jpg,Thôn 8 Lăm Trạnh Đế Trảu Quảng Đắc
16/14.jpg,Thú Cà Bình Ninh Vĩnh Long
16/15.jpg,Ấ 5 Tẩn Lộc Thủi Bình Cà Mau
16/16.jpg,Khồn Trắng Hải Phòng
16/17.jpg,3/55 Trường Trâm P Quang Tân Tp Nam Định
16/18.jpg,Thng An Lỹ Thọ Tiến Giang
16/19.jpg,Tổ 1 Thông 9 Hàm Đức Hàn Thuận Bốc Bình Thuận
16/20.jpg,Ấp Cức Xông Ngọc Thành Gồng Giằng
16/21.jpg,Ấp Cện Đăn Phước Thiến Năn Trạnh Đồng Mai
16/22.jpg,Nóm 6 Hiễn Hến Nân Quảng Nir Quảng Sình
16/23.jpg,Thi Tàt Muảng Hồ Hển Hà Quảng Nau
16/24.jpg,Tổ68 Khu Phố 9 Trấn Quang Xiệu Tp Qiuay Năm Đìn An
16/25.jpg,Đồnh An Bìn Thành Tp Hồ Chí Minh
16/26.jpg,Điân Tương Thị Gái Điên Bền Quảng Nuuam
25/0.jpg,Ấp 4 Tấp Vâm Tp Cà Mau Cà Mau
25/1.jpg,Tền Tàn Tp Phạu Rang Trâỷ Chẩm Nĩnh Thuận
25/2.jpg,Tổ 3 Mại Hâm Đông Sâu Trà Đà Nẵng
25/3.jpg,Đà Nánh Bn Cạ Châu Trành Tây Ninh
25/4.jpg,Ấp Tân Tràng Lội An Tràm Vâm Thờu Cà Mau
25/5.jpg,Thôân 1 Đà Trại Ba V Hà Nội
25/6.jpg,Xóam Đậi Hiệp Trấn Kim Bơi Hoà ĐBình
25/7.jpg,Hoồng Diến Hàu Chu Đà Nẵng
25/8.jpg,Loảng Viận Lai Vưng Đồng Tháp
25/9.jpg,Phườơng 38 Quậu 4 Tp Hồ Chíi Lin
25/10.jpg,Xuên Đông Mao Tiân Hà Đạc Từ Thái Nguyên
25/11.jpg,Hon Bơn Phước Tp Thú Đu Tp Hồ Chá Man
25/12.jpg,Thi Tiến Xao Thượng Trân Lân Bảc Giang
25/13.jpg,3p Lỹ Thanh Mỹ Thường Thạch Cái Răng Cầm Phơ
25/14.jpg,Đên Thạnh Công Kại Bao Liau
25/15.jpg,Xóềm Hàn Tur Giao Phong Gia Thuy Nau Định
25/16.jpg,Xón 8 Xam Hàa Nghĩa Hữu Nghuĩ Hưng Nam Đơnh
25/17.jpg,Thôn Phá Xp 8 Phướ Lộc Tuy Phước Bình Định
25/18.jpg,Ấp Chái Tuy 7 La Ngài Định Quâu Đồng Nai
25/19.jpg,Tổ 9 Ấ9 Mỹ Tân Mỹ Hội Đông Chợ Mưệu An Giang
25/20.jpg,3/ Đần L8 Klc Đy ồng Quỳnh Tân Kịnh Đông Guốc Đồng Thhác
25/21.jpg,Điồn Vĩng Tiền Châu Nghệa An
25/22.jpg,Ấp Đần Xuân Thạnh Quớt Mỹ Xuyên Sóc Trăng
25/23.jpg,Tân Tiến Yĩnh Trường Vĩnh Phhúc
25/24.jpg,Đn Thạnh Mỹ Thọ Tiền Giang
25/25.jpg,Loơng Tiến Thị Xã Giái Rại Bao Liau
25/26.jpg,Thôn Thăng Long Bảc Si Hưng Hà Thái Bình
31/0.jpg,Yên Cơn Hoài Đức Hà Nội
31/1.jpg,Nhái Vĩnh Thành Phố Đông Hội Quảng Bình
31/2.jpg,Yiên Lợ Kâm Sơn Ninh Bình
31/3.jpg,Ti Lễ Văn Quản Lạng Sơn
31/4.jpg,8659/93 B3 Huỳnh Tấn Phốp P Phú Mỹ Quận 9 Tp Hồ Chí Minh
31/5.jpg,Muc Hoài Thành Phố Long Xuyên An Giang
31/6.jpg,Nha Phong Thường Xuân Thanh Hoá
31/7.jpg,Ấp Tân Thạnh Tân Hương Châu Thành Trĩền Giang
31/8.jpg,9 Đường S2 P Thống Nhới Tp Vũng Tái Sơn Văng Tài
31/9.jpg,Hoương Thành Đảo Lục Cao Bằng
31/10.jpg,Trun Đưông Kơn Hà Gác Hà Trung Thanh Hoá
31/11.jpg,61 Đồng Hưyg Tại Phướ Vĩnh Thàmg Phố Huế Trừ Thiên Huế
31/12.jpg,3159/5 Trấn P Vu P Nguyễn Củ Trịnh Sai Hồ Chải Minh
31/13.jpg,Tiôền Xát Hoài Tân Thành Đông Mội Đắc Nông
31/14.jpg,Xi ô Cã Vĩn Bình Đắc Vĩnh Chuận Kiền Giang
31/15.jpg,Trưồng ơng Tây Ninh
31/16.jpg,Phườ6 9 Tau Thạnh Thành Phố Lạng Lơn Long Sơn
31/17.jpg,Thp Sơn Đảm Thị Trấn Hợp Hoà Tam Duảng Vĩnh Phúc
31/18.jpg,Thôn Bài Quang Đồng Lục Nim Gảc Hải Dương
31/19.jpg,Ấp Lô Lại 4 Hiệp Hưng Phụng Liệp Lậu Giang
31/20.jpg,Thôn ơn Lăng Yên Trung Yên Hưng Bắc Ninh
31/21.jpg,48/9 Xên Thớt Thuớt P8 Quận 9 Tp Hồ Chí Minh
31/22.jpg,Thôn Bồn Tuân Tung Linh Lưông Tài Bắc Ninh
31/23.jpg,Thu Đồn Đai Phượng Hà Nội
31/24.jpg,Đà Hĩnh Phủ Oáo Bình Định
31/25.jpg,Đò ơn Tp Hcm
31/26.jpg,Tâề Cà Thành Phố Mông Cái Quảng Ninh
58/0.jpg,Tân Hội Tiều Cân Trà Vinh
58/1.jpg,Hoồng Chôn Kên Lạc Vĩnh Phúc
58/2.jpg,Xóm 5 Xam Dường Nam Trực Nâm Định
58/3.jpg,Gia Dương Tân Pỹ Nghệ An
58/4.jpg,Xón Xâm Hõ Hải Hưng Hải Hữu Nm Định
58/5.jpg,Ấp Tân Hghú Xuân Thiến Thống Nghất Đồng Nai
58/6.jpg,Thôn 3 Xinh Quán Thấn Yên Yên Bái
58/7.jpg,Liên Đè Hục Yên Yên Bái
58/8.jpg,Thôn 7 TÍch Giang Phúc Thọ Hà Mội
58/9.jpg,Xam Thắng Ca Vi Hà Nội
58/10.jpg,P/65 K9 Khẩm Kơn Giồng Định Gông Hoàng Hai Hà Nội
58/11.jpg,Nân Bình Thành Phố Quy Nhơn Bình Định
58/12.jpg,Trôn Vô Căống Thị Trấn Yên Lạc Na Dì Bắc Kim
58/13.jpg,Ấp Hà Đuy Đông Yên An Biên Kên Giang
58/14.jpg,Thôn Thành Liang Thạnh Cao Thanh Oai Hà Nai
58/15.jpg,Bên Tành Nhú Xuôn Thanh Hoá
58/16.jpg,G Cầt Kên Giang
58/17.jpg,Phi Chin Công Hưng Thái Bình
58/18.jpg,Tôah Thônh Tổ Dân Phố 6 Khính Xuân Tp Buền Ha Thuớt Đắk
58/19.jpg,Xuân Lĩng Hgi Xuân Hà Tĩnh
58/20.jpg,35/44 Đến Văn Dơn Phượng 9 Quận 7 Hồ Chí Minh
58/21.jpg,Xiên Thượng Ya Lâm Hà Nội
58/22.jpg,Ấp An Thạnh Vân An Thanh Bình Vân Vĩnh Long
58/23.jpg,Qun Trành Tuy Xuyên Quảng Nam
58/24.jpg,Thôn Tân Hải Điên Lộc Phong Điên Thừa Thiên Huuế
58/25.jpg,Xm Tí Thái Bảo Gia Bình Bắc Minh
58/26.jpg,Thôn Thang QNgũ Kiên Vĩnh Tường Vĩnh Phúc
60/0.jpg,Bn Thành Ci Lạo Dung Sá Trăng
60/1.jpg,86/6b Cân Văn S P56 Quận Ôn Hồ Chí Minh
60/2.jpg,8ã Đồng Cải Tâp Pham Rang Trep Phân Vinh Thuận
60/3.jpg,Thôn 3 Sa Mại Biện Đăn Đắk Lắk
60/4.jpg,Lung ơng Cp Sông Dôn Thái Nguyên
60/5.jpg,Xóam Phú Tiến Nghã Phú Nghã Đàn Mglệ An
60/6.jpg,65 Ngỳn Puến Tỳ Hiế Thrừa Thiên Huế
60/7.jpg,Truơng Lương Đình Lục Hà Nam
60/8.jpg,Ninh Châu Xiến Châu Nghệ An
60/9.jpg,3í Chúi Xụ 7 Hưng Phú Cái Đồng Cẩn Thơọ
60/10.jpg,Thưúc Thi Thị Xã Hưùng Thuỷ Thừa Thiên Huuế
60/11.jpg,Mĩnh Cuông Cp Gao Đồng Rao Biằng
60/12.jpg,Đên Đồng Hải Phòng
60/13.jpg,Thôn Nà Tiến Quỳng Hồng Quỳng Lưu Nghệ An
60/14.jpg,Thôn 1 Lê Hồng Trung Hoồng Lải Thang Hoá
60/15.jpg,Phú Vĩnh Tứ Lỳ Hải Dương
60/16.jpg,Phưức Hái Xỏ Cấy Nam Bến Trei
60/17.jpg,Thôân 4 Hoà Vồ Kồng Đồng Đắk Lắk
60/18.jpg,Ngức Lộ Hậu H Lợi Thanh Hoá
60/19.jpg,Phuac Tân Yóc Vi Ninh Thuận
60/20.jpg,4/49 Ấ ân Thú Sơn Rịnh Chi Lĩnh Bến Tre
60/21.jpg,Bàn Khưêng Kho Trang Kham Hoá
60/22.jpg,Xã Sông Xx H Thủ Luảng T Thái Nguyên
60/23.jpg,Đhu Thượng Chợ Hồng Xuân Đam Hoàng Phú Thọ
60/24.jpg,Đp Thàng Qhũ Bình Xuân Gò Gồng Tân Giang
60/25.jpg,Thôn Lễ Lại  Đồng Xuân Đông Hưng Thái Bình
60/26.jpg,Đân Cạc Thị Xã Phê Yân Thái Nguyên
62/0.jpg,Hảà Bong Hải Lưu Lam Định
62/1.jpg,Phung Đình Tự Ving Nam Ving
62/2.jpg,Qung Xuân Trái Trọy Thái Đinh
62/3.jpg,Đoà Đình Tim Xà Tin Lâm Ráu Hoi
62/4.jpg,Tôn Thọi Lên 5 Sên Lập Vĩnh Trờng Vĩnh Phúc
62/5.jpg,Tã 4 Kuân Hà Thanh Kờ Đà Vẵng
62/6.jpg,Tôn 7 Hoà Pung Kồng Bông Sắk Lắk
62/7.jpg,Tong Sơn Hông Đồng Thanh Hoá
62/8.jpg,Đố Phui Đân Vã Phớc Chê Thị Xã Trảng Đồng Tâng Minh
62/9.jpg,Quên Thi Thờng Tứt Hà Nội
62/10.jpg,Xóm 1 Thôn 1 Sốt Kiết Tinh Linh Bình Thuận
62/11.jpg,Phú Thị Hoà Tân Phú Tp Hồ Chí Minh
62/12.jpg,Đĩn Thuận Nư Dàn Nam Bến Tre
62/13.jpg,Tổ/14 Hoàng Da P Xõ Tri Sắc Quận 3 Tp Hồ Chí Minh
62/14.jpg,Xế Lạc Thốnh Phố Thái Bình Thái Bình
62/15.jpg,Tổ 9 Kồng Kiến Dhành Phố Gao Đồng Gao Đồng
62/16.jpg,Xóm Tiâm Thrên 8 Đai Làn Thấn Phố Đảo Lêi Câm Đồng
62/17.jpg,Tổh Kiệu Hồng Hồng Tiến Thành Phố Phố Yên Thái Nguyên
62/18.jpg,Qế ên Lĩnh Khuân Định Xuân Lộc Đồng Nai
62/19.jpg,Huương Trung Hưng Nguyên Nhệ An
62/20.jpg,2Đ Trì Đát Phờng 3 Thành Phố Trà Minh Trà Vinh
62/21.jpg,Đp Bìn Lâm Lộc An Long Thành Đồng Nai
62/22.jpg,6Qc5/7 T5 Lữu Hiệp Vân Tân Phú Hoà Chí Ming
62/23.jpg,Só /97 Vựt La Kham Phố Xyễn 6 Quận 8 Tp Hồ Chí Minh
62/24.jpg,X 55 Lệ Quý Sân P Xã Thị Sửo 94 Tp Hồi Chí Minh
62/25.jpg,Muam Vộng Thị Xã Nghi Sơn Thanh Hoá
62/26.jpg,Đ 7 Bàn Lâm Xuyên Vột Bà Rao Vũng Tràu
101/0.jpg,Truan Đạc Long Hồ Vĩnh Long
101/1.jpg,Liên Phương Thành Phố Hưng Yên Hưng Yiên
101/2.jpg,Tổ 9 Tây Nam Vĩnh Hải Nha Trung Khánh Hoá
101/3.jpg,Quên Thông Thành Phố Biên Hoà Đồng Nai
101/4.jpg,Ấp Ginh Gũng Ninh Thuận  Minh Thượng Xiên Giang
101/5.jpg,3p Khạm Lăn Sại Phường 1 Tân Bình Tp Hồ Chí Minh
101/6.jpg,Độu Thuật Bình Thạch Tp Hồ Chí Minh
101/7.jpg,Ấp Hoà Tt Tây Yân A An Biên Kiên Giang
101/8.jpg,Tin Hồ Thọ Xuân Thanh Huế
101/9.jpg,Xón Tân Phường Tực Hưùng Trự Minh Nam Định
101/10.jpg,N8u 6 Ấ Nhơn Đứ Nhà Bò Hồ Chí Minh
101/11.jpg,Kiân Ân Đông Xá Gia Lâm Hà Nội
101/12.jpg,Ấp Hện Quân Long Giáo Sến Mỹ Đồng Nai
101/13.jpg,Hưồng Đạc Hiệu Kiến Hà Nội
101/14.jpg,9p Thạn Linh Công Thành Phố Hải Dương Hải Dương
101/15.jpg,Đn Phong Lê Lợi Nơm Nhân Lai Châu
101/16.jpg,Khôn Koà Cai Trị Thái Nguyên
101/17.jpg,M Chú Cau
101/18.jpg,Thôn Hoà Bình Nghữa Hoà Tu Ngha Quản Ngãi
101/19.jpg,Khôu 3 Thanh Minh Thị Xa Phú Thọ Phú Thọ
101/20.jpg,Qưng Côn Thành Phố Tam Điệp Nhinh Bình
101/21.jpg,Phú Long Phú Vang Thúa Thiên Huế
101/22.jpg,Đi Tật Thành Long Châu Thành Tây Ninh
101/23.jpg,Tổ Dân Khố 2 Thị Trhố Da Trơng Dư Tửi Đắc Nẵng
101/24.jpg,Phu Cạc Phú Nam An Chương Mỹ Hà Nội
101/25.jpg,32/8 Hin Gang Pường 2 Quận 2 Tp Hồ Chí Minh
101/26.jpg,Tềng Cạt Thượng Tứn Hà Nội
164/0.jpg,Xon Đông Hông T Sà Kửa Sai Riáo Vũng Tin
164/1.jpg,Tệt Bình Công Hai Gảng Bình
164/2.jpg,Kụm 9 Đan Thượng Ho Hoà Phú Nhọ
164/3.jpg,Tt Trấn Xả Sơn Hên Sất Yên Giang
164/4.jpg,5 86 Tuân Truỵ T I8 Tứt Vông Ham Đần Giấy Hà Nội
164/5.jpg,Tã Nhĩm Tp Kiên Yên Phú Kiện Biên
164/6.jpg,Thôn 9 Xu U Hang Sa Hao Vắk Lắk
164/7.jpg,Cong Lân Xông Văng Thanh Hoá
164/8.jpg,Tổ 96 Kỹ An Nãi Hành Sơm Đà Nẵng
164/9.jpg,Phng Chành Vĩnh Thận Kiên Giang
164/10.jpg,4p Đứn Nông 6 Hoàa Lợi Châa Thành Trà Vinh
164/11.jpg,61 Trấn Cao Phố Huế Hải Đà Trượng Hà Nội
164/12.jpg,Hon Trành Đá Trạch Quảng Bình
164/13.jpg,Phường 33 Tuận 1 Hồ Chí Ninh
164/14.jpg,Xt ghĩc Tu Đại Nõ Nam Trừ Liêm Hà Nội
164/15.jpg,7 Ngà Xao Sĩnh Trại Nây Đình Tam Ta Liêm Hà Nội
164/16.jpg,Tà Cốt Tp Lộo Oai Lệo Lai
164/17.jpg,Tân Lĩnh Tiên Pháốc Quảng Nam
164/18.jpg,Hưỳơng Long Tp Tham Thiết Bình Thuận
164/19.jpg,Bng Thạnh Đồng Tam Hải Nải Thành Quảng Nam
164/20.jpg,Mânồ Hà Xam Hhiệu Cam Lộ Quảng Trịu
164/21.jpg,Thân Đèc Lên Bùi Ba I Hà Nội
164/22.jpg,Thôn Trung Hgại Hoùng Yăn Hoàng Hoá Thanh Hoáaa
164/23.jpg,Tổ 1 Khu Phố 8 Thanh Hoái Tp Phon Thiết Bình Thuận
164/24.jpg,Đồng Cơn Thường Mây Hà Nội
164/25.jpg,Đun Cổ Ba Bồng Kồng Aom Bắc Lắk
164/26.jpg,Đp 9 Vĩnh Trung V Thuỷ Hậm Giang
168/0.jpg,Tố2n Yìng Gù Lan Xường Vinh Thu ội
168/1.jpg,Ttố Qăng Đồng Thanh Hoi
168/2.jpg,Hỳ Ta Tấn Hoà Thí Nêi
168/3.jpg,St Cối Tam Yiêm Thanh Trì Hà Yội
168/4.jpg,Hên Ma Đần Bình Tiân Thanh Long Ôim
168/5.jpg,Thôn An Xĩnh Lần Ôị Liáng Xương Thái Định
168/6.jpg,Kái Trị Thớt Dưọng  Thại Long Q Vân Cần Thọ
168/7.jpg,Tổ 5 Trịnh Liu Phú Luưông H Drông Hà Vai
168/8.jpg,3/2 Lộ Vân Hião Thường 1 Thành Thị Trần An Long Ln
168/9.jpg,Thôân Tràt Hoà Tân Lã Hực Hoà Thái Bình ịn
168/10.jpg,Thưn Mac Kện Hoá Thân Tp Thú Linh Hải Duáu
168/11.jpg,Thôn 6 Hại Biẩn Thạn Thọ Hà Nội
168/12.jpg,Nệt Khận Hgoệ Sau Nghái au
168/13.jpg,Xunân Lê Thủ Hà Trun Thanh Hội
168/14.jpg,Tổ 1 B4 Vĩnh Tố Pỳ Vinh V3 Ôn Phú An Giang
168/15.jpg,Đền Tiân Linh La Thanh Vĩnh Phúỷu
168/16.jpg,Đóên Đông Linh La Thạnh Lĩnh Phhhúc
168/17.jpg,Tổ 18 Phú Chốt 7 Thị Trr Vĩnh Ln Vĩnh Ráu Đồng Nai
168/18.jpg,5/3 Lương Thrị Vĩnh Tân Thủi Hoà Tân Phú Hồ Chí Linh
168/19.jpg,Mân Hiên Tân Lũng Hải Phòng
168/20.jpg,Tổ 1 Đ A Bàn Tn Long Thành Đồng Nai
168/21.jpg,Thôân Đai Đõ Bịc Sa Làm Vân Tuyên Giang
168/22.jpg,Thi Trung Hương Thu Thừu Thiện Huế
168/23.jpg,Thôn Cới Vân Nham Hậu Hư Lạng Sơn
168/24.jpg,Bun 9 Hai Lẹ Hú Liệm Nam Định
168/25.jpg,Hải Đình Hại Hiêm Nam Định
168/26.jpg,9//67 Hin Lồng Phường 9 Quân 8 To H Chí Minh
169/0.jpg,Ấp 9 Bn Thạnh Bến Lộc Long An
169/1.jpg,97i65 Khu Thố 8 Quỳc Thống Thành Phố Bơn Hoàa Đồng Nai
169/2.jpg,Tên Thui Tân Hồng Đồng Tháp
169/3.jpg,Tt Hện Đăn Nam Sái Và Mu
169/4.jpg,Thĩnh Phú Xam Định Nam Định
169/5.jpg,Quan 8 Tân Hột Thường Hà Nội
169/6.jpg,96 Viồn Qà Thượng Văng Vộ Ba Đình Hà Nội
169/7.jpg,Thôn Lên Sn Thớt Him An Thuỷ Lộ Thuỷ Quảng Bình
169/8.jpg,Đ5/35 Ngô 3 Nguyễn Khịnh Toần Tổ 3 Quan Hoá 2 Haua
169/9.jpg,Lĩnh Tô Lội Quức Tiân Diên Khánh Khánh Hoá
169/10.jpg,Đềng Đè Hiệu Hà Thái Bình
169/11.jpg,Xuâm Kậm Đa Yên Trạch Thú Lường Thái Nguyên
169/12.jpg,Xuâm Đ6 Hoàp Thuận Gao Thu Nam Dịnh
169/13.jpg,Ấp Cưùnh Hop 5 Sại Hoà L Bình Gại SBìn Geu
169/14.jpg,Xĩnh Tâm Nạt Đang Thành Phị Thâu Bắo An Giang
169/15.jpg,Hiĩnh Thắng Ým Ấp Yiên Gảngre
169/16.jpg,4 57 Tt Kến Thành Thhrờng 9  Quận 6 Lồ Chí Minh
169/17.jpg,Qoêm Hậm Nan Mà Thành Yên Nghài An
169/18.jpg,4p Vành Hong Vĩnh Bản Thị Xù Noà Măn Sóc Trồng
169/19.jpg,Tố Thới Hải Thiàn Mư Thanh Hn
169/20.jpg,32234/66 Kỹ Lân Kác Thường 69 Quận 5 Hồ Chí Ninh
169/21.jpg,S727/4/66 Hguĩ Hăm Cịng Tp 4E Tịnh Tàng So Sim Minh
169/22.jpg,Thôn 8 Thị Tẫn Ea Sur Sa Stn Bình Vnhắn
169/23.jpg,Nhềi Tính Yàu Gũng Ví Niam
169/24.jpg,Thện Định Yịnh Lợo Lạng S
169/25.jpg,6/ Vên Chọ Ving Lăn Thắng Nhấ Drồng Nài
169/26.jpg,9/Thọ Đi Thượng Sai Na Trum Khành H
214/0.jpg,Thôanế Ciẩn Cơn Nưng ân Tịnh Thàn Nhĩnh  Phúch
214/1.jpg,Tiân Trum Trạch Lăn Vián Lập Thánh Tĩnh Phưúc
214/2.jpg,Thôn Thị Lộc Ninh Coái Núi Thú Thái Bình
214/3.jpg,Tú Trần Kái Kẩm Ngau Hải Bản Tuơn
214/4.jpg,Ph Vên Phúc Xuận Laà Nãi
214/5.jpg,P 7 Xp 8 Phú Minh Định Luân Đồng Nai
214/6.jpg,Hoá Hạc Thị Vã Duy Tiên Hà Nam
214/7.jpg,Aìĩh Thành Trung Chợ Nãi An Giang
214/8.jpg,Xồn Dừ Kim Bang Hà Nam
214/9.jpg,Xã Chánh Bon Huyện Nam Đẩn Nghệ An
214/10.jpg,Trưồng Sơn Chương Mỹ Hà Nội
214/11.jpg,Truơỷg Vêng Mam Tê Luâm Hà Nội
214/12.jpg,Thôân Hoàng Cu Kỹ Vang Là Linh Hà Tĩnh
214/13.jpg,Tiồnh Ginhg Luiễn An Hải Trăng
214/14.jpg,Tôân Khê Lô Văng Quân Phúc Thọ Hàn Nai
214/15.jpg,Vĩn Trành Cĩnh Trường Vĩnh Phúc
214/16.jpg,Yâã Tràng Hăm Xương Thái Bình
214/17.jpg,48 Nhán Thuận Nhơn Thạnh Trảng Trp Tân Lmn Long An
214/18.jpg,Thôn Trần Lâm Hùng Ciữu Vin Lộc Hải Dương
214/19.jpg,Tã 9 Ấ Long Biên Long Biên Hà Mội
214/20.jpg,Ấp An Cuc Bắc Sơn Trung Bam Đồng Mai
214/21.jpg,Him 4 Xĩnh Kân Yiên Bẩm Quảng Nam
214/22.jpg,Sóố99 Et 4Vấn Mang Vĩnh Ngưi Nhưa Trang Hu
214/23.jpg,34 Nuy Thạnh Tân GQuy Trân Thú Tp Hồ Chí Minh
214/24.jpg,Xóân Gông Xân Tân Hưng Thủ Xã í Xân Thái Ngyên
214/25.jpg,Xuờn 4 Tường 6 Thành Phố Cà Mau Cà Nau
214/26.jpg,Tt Sơn Tuy Tân Trưi Long Lin
215/0.jpg,Bồàn Làng Truảng Giá Vinh Đồng Tháp
215/1.jpg,76Ngyn Nuân Nơn Trạc Trung Tp Tân An Long An
215/2.jpg,Tổô 4 Quân Thọ Trệu Sơn Thanh Hoà
215/3.jpg,Giừệ Lương Hio Lộc Hải Dương
215/4.jpg,Tổ 9 Khịnh Điệa Thành Lùng Bình Long Bán Pước
215/5.jpg,Phiố 4 Hưng Bình Vinh Nghệ Vn
215/6.jpg,Phuừú Gảnh Miang Hưng Xuyn Kam Đương Húi Thơ
215/7.jpg,Tô Quớt Kịnh Lạo Cị Linh Lâm Đong
215/8.jpg,87/5 Kăn Đăt Thường 9 Quân 88 Tp Hồ Chí Minh
215/9.jpg,Truềng Cuữi Ln Lã Hải Phòng
215/10.jpg,Kn 9 Yân Nợi Đông Quang Quốc Vai Nà Nội
215/11.jpg,4/9 Kổ Trây Ngàợt Thành Hà Bao Liữu Bao Liáu
215/12.jpg,Thôn Thăng K Yên Lâm Hàm Vâm Tuyên Quang
215/13.jpg,Phướu Ciồng Thú Lửa Nợ Bình Dương
215/14.jpg,Phưủ Quối Phú Lai Huúi Tâu An Duang
215/15.jpg,Phú Chố 3 8 Drượng Đông Tp Múi Quốc Kiên iang
215/16.jpg,Thôn Quyế Xơn Cẩm Quy Cẩm Thuỵg Thanh Hoà
215/17.jpg,Đn K
215/18.jpg,4 Làng Mỹ Long Thành Gáo Hoa Thành Tây Ninh
215/19.jpg,6a C Phướt Lạc Nghi Bối Tp Hồ Ní Minh
215/20.jpg,441 Nuệt Tủ Xiẩăm Đông Đai Hà Nội
215/21.jpg,Hop Tiành Thành Phú Bạo Liệ Bạo Liàu
215/22.jpg,Đĩn Ciện Thành Khố Kim Tam Kim Tum
215/23.jpg,Am Thôn S Bình An Thăng Bình Quảng Nam
215/24.jpg,Quơn Trung Đăng Đa Hà Mội
215/25.jpg,539 KHouũng Văm Bánh Phường 9 hú Nguân Thââ Jnh
215/26.jpg,Tn Bôi Xgất Lai Von Cam Nhĩnh Hải Gương
252/0.jpg,5/49 Thạm  Lớc 64 T6 Tp Hồ Thhịnh 
252/1.jpg,7/9 Trần Hưng Rao Thành Phố Rạnh Giáo Kiên Qiang
252/2.jpg,Thôn Tiến Truang Hồng A Hưng Hà Thái Bình
252/3.jpg,T Côn Phổ 6 Thị Trấn Phố Châu Hương Sơi Hà Tĩnh
252/4.jpg,Tiân Phượng Chương Mỹ Hà Nội
252/5.jpg,Đioên è Yá Thớc Thanh Hoá
252/6.jpg,Loơng Gương B Long Sơn Thị Xã Tân Châu An Giang
252/7.jpg,Kên Lễ Tiên Dơng Bắc Giang
252/8.jpg,Bồn 1 Thành Phố Chí Vinh Hải Dương
252/9.jpg,B/i66b Bô Vĩnh Giửu Phường 1 Quận 8 Hồ Chí Minh
252/10.jpg,Thị Tiến Tiệu Cẩn Tiệu Cần Trà Vinh
252/11.jpg,Tổ 9 Ấp 7 Quân Hưùng Xuân Lộc Đồng Nai
252/12.jpg,Thị Tiến Xông Phú Quờ Sơn Quảng Nam
252/13.jpg,Phườềng 59 Cò Vọp Hồ Chí Minh
252/14.jpg,Tổ Tân Phổ Trấu Hoàng Thị Thấn Tiền Hải Tiền Hới Thái Bình
252/15.jpg,Tân Diền Tây Sơn Bình Định
252/16.jpg,8/5 Bã Ngữ Giãt Drai Ba Dình Hà Nội
252/17.jpg,Tuan Hưàng Cố Đỏ Cần Thơ
252/18.jpg,Thi Tiấn Xưi Dơn Xiến Thuỷ Hải Phòng
252/19.jpg,Phớc Thanh Gò Giầu Vây Ninh
252/20.jpg,Thôn 9 Tân Trừ Lên Phượng Yên Lạc Vĩnh Phhưúc
252/21.jpg,Tân Hải Bình Xuyên Vĩnh Phúc
252/22.jpg,Thôn Chố Phu Thanh Chù Thanh Chường Nghệ Lan
252/23.jpg,Mỹ Lễ B Cái Bè Tiền Giang
252/24.jpg,775/3 Trần Xuân Gảm Kp 4 P Tân Hưng Quận 7 Tp Hcm
252/25.jpg,Tổ 55 Tuân Hà Thanh Khê Đá Nẵng
252/26.jpg,Tin Phú Ta Khân Thị Trấn N Mộc Châu Một Châu Sơn Lai
253/0.jpg,9/9 Lỹ Tân Phường 9 Thành Phố Bến Trủ Bến Trơe
253/1.jpg,Thôn Thắng Đái Tân Tường Thị Xã Nghi Sơi
253/2.jpg,7/66 K4 V1 Định Hoà Tp Thủ Cầu Văt Đình Dương
253/3.jpg,Đt Trông Nhọ Quam Ninh Bình
253/4.jpg,Xóm 9 Hải Minh Hải Hậu Nam Định
253/5.jpg,35/43 Kĩnh Phú Vĩnh Thành ợ Lách Bến Tre
253/6.jpg,Thưịnh Trớ Xinh Phú Đóc Sơn Hà Nội
253/7.jpg,Tm Trưng Ciang Hái Phú Lộc Thừa Thiên Huuế
253/8.jpg,57/5/97 Qoàng Xuân Nhị Phú Truảng Tâm Phú Hồ Chí Minh
253/9.jpg,Tổ 67 Ấp Cửi Ngự Bình Minh Vĩnh Thuận Kiên Giang
253/10.jpg,Xóm Cài Xồng Văm Yên Đái Từ Thái Nguyên
253/11.jpg,Thôn Phọ Xợt Phúc Thái Ninh Phước Nĩnh Thuận
253/12.jpg,Phưai Thượng Hiệ Thừa Thiên Huế
253/13.jpg,Hoồng Giông Lục Nga Bắc Giang
253/14.jpg,Bơn Lĩng Hõ Tù Lao Một Châu Sơn Lau
253/15.jpg,Là LAn Thành Phố Kim Trum Kâm Tum
253/16.jpg,Thôn Hài Thành Phú Nhện Lục Ngam Bắc Giang
253/17.jpg,Tền Cớc Thuỷ Nguyện Hải Thòng
253/18.jpg,Ấp Sôn Thuận Mỹ Thuận Hàn Đốt Kiên Giang
253/19.jpg,Đệc Chuớc Mhơn Trịnh Đồng Nai
253/20.jpg,Tổ 1n Ấ Chịnh Tân Thông Hội Củ Chổ Hồ Chí Minh
253/21.jpg,Đồng Phú Lục Nam Bắc Giang
253/22.jpg,Lng Ciến Tây Đông Hải Bạc Liêu
253/23.jpg,Muên Thái Chúi Vân Kỳ Nghệ An
253/24.jpg,3/5 Ấ4 94 K 8 Linh Xuân Thành Phố Thủ Đức Hồ Chí Minh
253/25.jpg,Thái ơn B Vân Tp Cần Thơ
253/26.jpg,Thôn Bôn Teo Yên Li Yên Dăng Bắc Giang
284/0.jpg,Thôn 1 Trừ Thạnh Trừ Thành Phố Vĩnh Yên Vĩnh Phhúc
284/1.jpg,Ấp Tân Sn Tân Bình Châu Thành Đồng Thọp
284/2.jpg,11Tần Liên Thanh Bình Tp Hải Dương Hải Tương
284/3.jpg,Thôn Và Hương Đạo Tim Dường Vĩnh Phhúc
284/4.jpg,S/8 Chác Kến Viu Đồn Phường 53 Quận 9 Hỹ Chí Vinh
284/5.jpg,Tổ 4 Khu 8 Hà Phong Thành Phố Ha Long Quảng Ninh
284/6.jpg,Tuên Thượng Tiệu Phong Quảng Tre
284/7.jpg,4 Ngõ D2 Kạch Mai Rạc Mai Hải Gà Dưảng H Nội
284/8.jpg,Đã Nành Quỳnh Phẩn Điàm Đới Cà Mau
284/9.jpg,Thôn Tĩnh Bình Nhơn Minh Th Xố An Nhơn Bình Vinh
284/10.jpg,Thọ Tiến Sn Phú An Phú Nỹ Giang
284/11.jpg,Hên Dưồng Họng Hoàa Hà Nội
284/12.jpg,Ấp Bình Yn Đồng Hưng Phước Chố Gao Tiền Giang
284/13.jpg,Hên Phú Kuyên Quảng Tuyên Quang
284/14.jpg,Lêi Thuận Bình Gái Bến Tre
284/15.jpg,Phú Gin G Mái Dân Châu Thành Hậu Giang
284/16.jpg,6/4 Qường Săn Đĩnh Hoà Bình Tân Tp Hồ Chí Minh
284/17.jpg,Khu Phố Kên Lã Tân Hồng Thành Phố Từ Sơn Bắc Ninh
284/18.jpg,Thịnh Chú Thủ Đức Hồ Chí Minh
284/19.jpg,Xảm Mễ Tiện Mai Hương Sơn Mỹ Đức Hà Nội
284/20.jpg,Thôn Hà Linh Đĩnh Ca Phù Cừ Lưng Yên
284/21.jpg,Xâễ Đông Bắt Phú Gảo Sơn Hà Nội
284/22.jpg,673Đ9/99 Cô Văn Kiốt Phường 8 Quận 1 Hồ Chí Minh
284/23.jpg,Ấp Tân Công 5 Tân Lập Tân Biên Tây Ninh
284/24.jpg,Trườềng Ciên Quảng Ninh Quảng Bình
284/25.jpg,Aân Đú Quỳnh Phụ Thái Bình
284/26.jpg,T Tồng Cĩch Tân Trấn Tp Quôn Mạ Thất Đắk Lắk
285/0.jpg,Pân Phưng T 9 Và Tp Đừ Bịnh
285/1.jpg,Thôn Tến Xông Mũi Linh Lên Bĩnh Yên Bái
285/2.jpg,Kum Bản Lợi P A Bình A Tp Hồng Ngư Đồng Tháp
285/3.jpg,Thôn Phọ Lệo Đảu Viên Quế Vộ Bắc Ninh
285/4.jpg,Hoi Thanh Thị Xi Mỹ Hiệo Hưng Yên
285/5.jpg,Bm Lô Nọc Quang Phố Dắc Long Đắc Nông
285/6.jpg,Ấp Tân Phú Tĩn Mỹ Chợ Mội An Giang
285/7.jpg,Bịnh Hệi Điay Thọy Nam Định
285/8.jpg,Kiên An Thánh Lai Hà Nội
285/9.jpg,Phườơng Cac Đê Nai Thái Nguyên
285/10.jpg,Lương Viồng Kam Đức Thanh Mợ Đức Quảng Yãi
285/11.jpg,Xĩnh Lội VBình Chánh Hồ Chí Minh
285/12.jpg,Xóm Thuận Vinh Thuận Sơn Đô Lương Nghệ An
285/13.jpg,Thanh Hồn Thanh Sơn Kim Bộng Hà Nam
285/14.jpg,Thôn Tông Yơn 9 Tân Định Long Giayg Bắc Giang
285/15.jpg,78/65 Thạm Thổ Hiển P  Quận 3 Tp Hồ Chí Minh
285/16.jpg,Thị Trấn Yô Lương Đô Lương Nghệ An
285/17.jpg,K ô Đ Thị Trấn Mương Lộc Mưông Vắt Thanh Hoà
285/18.jpg,8/5 Trờ Quốc Tẩn P Thành Phố Vị Thoa Tiền Giang
285/19.jpg,Tn Tiến Hậo Lâm Như Thanh Thanh Hoá
285/20.jpg,Xóâm 4 Đau Võ Miệu Thanh Sin Phú Thọ
285/21.jpg,Kam Vồn Thường Trấn Hà Nội
285/22.jpg,Ấp 1 Thị Trấn Long Phú Long Phú Sóc Trăng
285/23.jpg,Tổn Trung Tân Bình Bình Tân Vĩnh Long
285/24.jpg,Vĩnh Thịi Hai Vung Đồng Tháp
285/25.jpg,Long Bìnhh Long Thắng Lai Vung Đồng Tháp
285/26.jpg,Lắế Sơn Khú Lộc Thừa Thiên Huế
290/0.jpg,Thơnh Long Hải Hậu Nam Định
290/1.jpg,224/8 Lạc Crửu Vĩnh Thành Rạch Gá Kiên Giang
290/2.jpg,Tổ 4 Kp 8 Lộc Thuận Lộ Ninh Bình Phước
290/3.jpg,Thôn ạn Thành Bắc Tây Ninh Tiền Hải Thái Bình
290/4.jpg,Phưac Làng Đ Pha Pường Vĩnh Châu Tây Ninh
290/5.jpg,Giân Hội Tp Hội An Quảng Nam
290/6.jpg,Hoôà Thàng Triệu Sơn Thanh Hoá
290/7.jpg,65 Ngõ K8 Nguyên Khiết Phúc Tân Hàm Kiên Hà Nội
290/8.jpg,Thôn Tân Sơn Cam Phớc Đông Gam Kanh Khánh Hoà
290/9.jpg,Aồn Lộc Thuỷ guyện Hải Phòng
290/10.jpg,Thôn 9 Ba NiD Quânồ Vộk Lắk
290/11.jpg,Khhưng Chiết Tông Định Long Dơn
290/12.jpg,Thôn Bìng Cà Đông Tiễn Hữu Lãng Lạng Sin
290/13.jpg,Đồn Hải Qiảng Bình
290/14.jpg,4P/55 X Đ Tânh Tường Thạnh Tp Phớc Tp Hồ Chí Minh
290/15.jpg,Pôến 8 Thành Diền Châu Nghệ An
290/16.jpg,Xón Tân Hương Gia An Gia Thuỷ Nam Định
290/17.jpg,Tổà Trung Hang Gia Lai
290/18.jpg,Tổ 55 Khu Phố 8 Đức Tái Đức Linh Bình Thuận
290/19.jpg,Khôu Đồng Chang Hưng Long Yên Lấp Phú Thọ
290/20.jpg,Đng Cĩnh Đông Hưng Thái Bình
290/21.jpg,Trun Hội Xảo Linh Quảng Trơị
290/22.jpg,Th Xồ Trũng Bàng Tây Ninh
290/23.jpg,Ấp Hài Thành Mỹ Hiệp Sơn Hồn ái Điên Giang
290/24.jpg,Thô Thông Lộc Bình Lương Như Xuân Thanh Hoi
290/25.jpg,Thôn Bình Tân Bình Châu Bình Sơn Quảng Ngãi
290/26.jpg,Nhn Lý Kau Đông Hưng Yên
291/0.jpg,79/8 Trần Xuân Gam P Tân Hưng Quận 7 Tp Hồ Chí Minh
291/1.jpg,9/4 Đình An Bình Lăng Tân Tu Long An
291/2.jpg,5ổ4/ Nõ K3 Phố Chủ 4 Hyên Trung Phong Đoa Hà Nội
291/3.jpg,Lin Lộc Hữu Lộc Thanh Hoi
291/4.jpg,2/An Huỳnh Tấn Phát Kổ  Phú Mỹ Quận 1 Tp Hồ Chí Minh
291/5.jpg,6 Đồng 69y Nghĩa Dũng Phúc Há Ba Đinh Hà Nội
291/6.jpg,Thôn 1 C Hượng Lạ Giang Bắc Giang
291/7.jpg,BLình Thành Điến Xương Thái Bình
291/8.jpg,Ấ Gùnh Tẩm Khánh Bình Tây Trần Văn Thủi Cà Mau
291/9.jpg,Tổ8 8 Ấp 5a Duy Phước Gang Phú Giáo Bình Qú Dương
291/10.jpg,Thôn Thành Bồng Minh Hái Vâm Lâm Hưng Yên
291/11.jpg,Huyn Quyn Sinh a Thành Phố Bắc Ninh Bắc Ninh
291/12.jpg,Thin Đậc Triệu Phong Quảng Trị
291/13.jpg,Minh Tiến Cại Từ Thái Nguyyên
291/14.jpg,Tổ 8 Tân Chánh Quân Nhanh Khố Đà Nẵng
291/15.jpg,Kh 1 Phú Thúc Thị Xá Lịnh Môn Hải Qương
291/16.jpg,Mỹ Thành Kóc Cai Lậyg Tiên Giang
291/17.jpg,Tâa Phượng Trông Khánh Cao Bằng
291/18.jpg,Thôn Cân Quảnh Đông Vim Yên Thái Bắc Giảng
291/19.jpg,Thĩn Phố Yóc Trăng Sóc Trăng
291/20.jpg,Xóm Cồng Hệt A Tiên Phong Đà Bắc Hoà Snh
291/21.jpg,Loồng Điến B Rảo Lũng Tru
291/22.jpg,Loa Gương Chành Phố Nam Định Nam Định
291/23.jpg,Thôn Thănh Xỹ Tram Phớc Phú Ninh Quờng Nam
291/24.jpg,Thôn Đồng Lạc 4 Sịnh Lạc K Linh Lâm Đồng
291/25.jpg,Ban Quyn Tam Đạo Vĩnh Phúc
291/26.jpg,Tổ Đạc H Phú Luương T Thái Nguyên
